name,url
Archinform ,http://archinform.net/
Archiseek ,http://www.archiseek.com/
Arounder ,http://www.arounder.com/
Floornature ,http://www.floornature.com/
Galinsky ,http://www.galinsky.com/
Made of Light ,http://www.madeoflight.com/
New 7 Wonders ,http://www.new7wonders.com/
Ribanet ,http://www.architecture.com/
World View ,http://worldviewcities.org/
Aeon Technologies ,http://aeont.com/
Anthony Beard ,http://www.anthonybeard.com/
"ARI Network Services, Inc. ",http://www.arinet.com/
Aztec Systems ,http://aztecsc.com/
b3net.com ,http://www.b3net.com/
CapeCoder.com Ltd. ,http://www.capecoder.com/
CartDesigns ,http://cartdesigns.com/
"The Computer Company, Inc ",http://www.computercompany.net/
Convina ,http://www.convina.com/
Dest Group Ltd. ,http://www.dest.com/
Digiscribe ,http://www.digiscribe.com/
"Digital River, Inc. ",http://www.digitalriver.com/
"Digitas, Inc. ",http://www.digitas.com/
DXStorm ,http://www.dxstorm.com/
Dynamic Net ,http://www.dynamicnet.net/
EarthSights.com ,http://www.earthsights.com/
Endeavour Internet Business Solutions ,http://www.e-i-b-s.com/
EonBusiness ,http://www.eonbusiness.com/
GrafWeb Internet Media Studios ,http://www.grafweb.com/
"HyperActive Concepts, Inc. ",http://www.haconcepts.com/
Info 2 Extreme ,http://www.i2x.net/
Informatics ,http://www.informaticsinc.com/
Inovica Ltd ,http://www.inovica.com/
Interflex ,http://www.interflex.net/
Internet Business Design ,http://www.inbusiness.com.au/
Internet Marketing Services ,http://www.ims.net/
IonIdea ,http://www.ionidea.com/
iPOP ,http://www.leapfroginteractive.com/
ISL Consulting ,http://www.islco.com/
ItsYourSite ,http://www.itsyoursite.com/
Ivenue.com ,http://www.ivenue.com/
Jacquard Websites ,http://www.jacquardwebsites.com/
Link To The Future ,http://www.lttf.com/
Logical Design Solutions ,http://www.lds.com/
Micro Medic ,http://www.micromedic.com/
MicroDataCom ,http://www.microdatacom.net/
Moore Solutions Inc. ,http://mooresolutions.com/
NetCasters ,http://www.netcasters.com/
NetXposure ,http://www.netx.net/
Nexternal Solutions ,http://www.nexternal.com/
OuterEdge UK Ltd ,http://outeredgeuk.com/
Pacific Amber Technologies Inc. ,http://www.amberpos.com/
"PenSol, LLC. ",http://pensol.com/
PHPinternet.com ,http://www.phpinternet.com/
Planet E-Com ,http://www.planetecomsolutions.com/
Prelude Solution Providers ,http://www.pspindia.com/
Q-One ,http://www.q-one.com/
"ReadyWeb, Ltd. ",http://www.readyweb.co.uk/
Red Snapper Ltd ,http://www.redsnapper.co.uk/
RevaComm ,http://www.revacomm.com/
San Diego Media ,http://www.sandiegomedia.com/
SolutionConscious.com ,http://www.solutionconscious.com/
Straightsell ,http://www.straightsell.com.au/
Strata-Media ,http://www.strata-media.com/
Studio Moxie ,http://www.studiomoxie.com/
"Vision Information Systems, Inc. ",http://www.visiononline.com/
Web Transitions ,http://www.webtransitions.com/
WebADVANCE ,http://www.webadvance.com/
Webdexterous ,http://www.webdextero.us/
Webpublishing.com ,http://www.webpublishing.com/
WebStack ,http://www.webstack.com/
"WebTaiwan, Inc. ",http://www.webtaiwan.com/
"WorldWise, Inc ",https://worldwise.net/
XPAND Corporation ,http://www.xpandcorp.com/
